[
  {
    "country": "Brazil",
    "web_pages": ["https://unochapeco.edu.br"],
    "name": "Universidade Comunit\u00e1ria da Regi\u00e3o de Chapec\u00f3 - Unochapec\u00f3",
    "alpha_two_code": "BR",
    "domains": ["unochapeco.edu.br"],
    "state-province": null
  },
  {
    "country": "Brazil",
    "web_pages": ["https://www.uniceub.br"],
    "name": "Centro Universit\u00e1rio de Bras\u00edlia, UNICEUB",
    "alpha_two_code": "BR",
    "domains": ["sempreceub.com", "uniceub.br"],
    "state-province": null
  },
  {
    "country": "Brazil",
    "web_pages": ["http://www.baraodemaua.br/"],
    "name": "Centro Universit\u00e1rio Barao de Maua",
    "alpha_two_code": "BR",
    "domains": ["baraodemaua.br"],
    "state-province": null
  },
  {
    "country": "Brazil",
    "web_pages": ["http://www.brazcubas.br/"],
    "name": "Universidade Braz Cubas",
    "alpha_two_code": "BR",
    "domains": ["brazcubas.br"],
    "state-province": null
  },
  {
    "country": "Brazil",
    "web_pages": ["http://www.candidomendes.br/"],
    "name": "Universidade Candido Mendes",
    "alpha_two_code": "BR",
    "domains": ["candidomendes.br"],
    "state-province": null
  },
  {
    "country": "Brazil",
    "web_pages": ["http://www.castelobranco.br/"],
    "name": "Universidade Castelo Branco",
    "alpha_two_code": "BR",
    "domains": ["castelobranco.br"],
    "state-province": null
  },
  {
    "country": "Brazil",
    "web_pages": ["http://www.claretiano.edu.br/"],
    "name": "Centro Universit\u00e1rio Claretiano",
    "alpha_two_code": "BR",
    "domains": ["claretiano.edu.br"],
    "state-province": null
  },
  {
    "country": "Brazil",
    "web_pages": ["http://www.creupi.br/"],
    "name": "Centro Regional Universit\u00e1rio de Espir\u00edto Santo do Pinhal",
    "alpha_two_code": "BR",
    "domains": ["creupi.br"],
    "state-province": null
  },
  {
    "country": "Brazil",
    "web_pages": ["http://www.emescam.br/"],
    "name": "EMESCAM - Escola Superior de Ci\u00eancias da Santa Casa de Miseric\u00f3rdia de Vit\u00f3ria",
    "alpha_two_code": "BR",
    "domains": ["emescam.br"],
    "state-province": null
  },
  {
    "country": "Brazil",
    "web_pages": ["http://www.epm.br/"],
    "name": "Universidade Federal de S\u00e3o Paulo",
    "alpha_two_code": "BR",
    "domains": ["epm.br"],
    "state-province": null
  },
  {
    "country": "Brazil",
    "web_pages": ["http://www.estacio.br/"],
    "name": "Universidade Est\u00e1cio de S\u00e1",
    "alpha_two_code": "BR",
    "domains": ["estacio.br"],
    "state-province": null
  },
  {
    "country": "Brazil",
    "web_pages": ["http://www.faap.br/"],
    "name": "FAAP - Funda\u00e7\u00e3o Armando Alvares Penteado",
    "alpha_two_code": "BR",
    "domains": ["faap.br"],
    "state-province": null
  },
  {
    "country": "Brazil",
    "web_pages": ["http://www.faculdadescuritiba.br/"],
    "name": "Faculdades Integradas Curitiba",
    "alpha_two_code": "BR",
    "domains": ["faculdadescuritiba.br"],
    "state-province": null
  },
  {
    "country": "Brazil",
    "web_pages": ["http://www.fae.edu/"],
    "name": "FAE Business School - Faculdade de Administra\u00e7\u00e3o e Economia",
    "alpha_two_code": "BR",
    "domains": ["fae.edu"],
    "state-province": null
  },
  {
    "country": "Brazil",
    "web_pages": ["http://www.feituverava.com.br/"],
    "name": "Funda\u00e7\u00e3o Educacional de Ituverava",
    "alpha_two_code": "BR",
    "domains": ["feituverava.com.br"],
    "state-province": null
  },
  {
    "country": "Brazil",
    "web_pages": ["http://www.fic.br/"],
    "name": "Faculdade Integradas do Cear\u00e1",
    "alpha_two_code": "BR",
    "domains": ["fic.br"],
    "state-province": null
  },
  {
    "country": "Brazil",
    "web_pages": ["http://www.fua.br/"],
    "name": "Universidade do Amazonas",
    "alpha_two_code": "BR",
    "domains": ["fua.br"],
    "state-province": null
  },
  {
    "country": "Brazil",
    "web_pages": ["http://www.furb.rct-sc.br/"],
    "name": "Universidade Regional de Blumenau",
    "alpha_two_code": "BR",
    "domains": ["furb.rct-sc.br"],
    "state-province": null
  },
  {
    "country": "Brazil",
    "web_pages": ["http://www.furg.br/"],
    "name": "Universidade Federal do Rio Grande",
    "alpha_two_code": "BR",
    "domains": ["furg.br"],
    "state-province": null
  },
  {
    "country": "Brazil",
    "web_pages": ["http://www.impa.br/"],
    "name": "Instituto Nacional de Matem\u00e1tica Pura e Aplicada - IMPA",
    "alpha_two_code": "BR",
    "domains": ["impa.br"],
    "state-province": null
  },
  {
    "country": "Brazil",
    "web_pages": ["http://www.ime.eb.mil.br"],
    "name": "Instituto Militar de Engenharia",
    "alpha_two_code": "BR",
    "domains": ["ime.eb.mil.br"],
    "state-province": null
  },
  {
    "country": "Brazil",
    "web_pages": ["http://www.ita.br/"],
    "name": "Instituto Tecnol\u00f3gico de Aeron\u00e1utica",
    "alpha_two_code": "BR",
    "domains": ["ita.br"],
    "state-province": null
  },
  {
    "country": "Brazil",
    "web_pages": ["https://www.insper.edu.br"],
    "name": "Insper Instituto de Ensino e Pesquisa",
    "alpha_two_code": "BR",
    "domains": ["insper.edu.br"],
    "state-province": "SP"
  },
  {
    "country": "Brazil",
    "web_pages": ["http://www.italo.br/"],
    "name": "Faculdade Italo Brasileira",
    "alpha_two_code": "BR",
    "domains": ["italo.br"],
    "state-province": null
  },
  {
    "country": "Brazil",
    "web_pages": ["http://www.mackenzie.br/"],
    "name": "Universidade Mackenzie",
    "alpha_two_code": "BR",
    "domains": ["mackenzie.br"],
    "state-province": null
  },
  {
    "country": "Brazil",
    "web_pages": ["http://www.maua.br/"],
    "name": "Instituto Mau\u00e1 de Tecnologia",
    "alpha_two_code": "BR",
    "domains": ["maua.br"],
    "state-province": null
  },
  {
    "country": "Brazil",
    "web_pages": ["http://www.newtonpaiva.br/"],
    "name": "Centro Universit\u00e1rio Newton Paiva",
    "alpha_two_code": "BR",
    "domains": ["newtonpaiva.br"],
    "state-province": null
  },
  {
    "country": "Brazil",
    "web_pages": ["http://www.pop-to.rnp.br/"],
    "name": "Universidade de Tocantins",
    "alpha_two_code": "BR",
    "domains": ["pop-to.rnp.br"],
    "state-province": null
  },
  {
    "country": "Brazil",
    "web_pages": ["http://www.puccamp.br/"],
    "name": "Pontif\u00edcia Universidade Cat\u00f3lica de Campinas",
    "alpha_two_code": "BR",
    "domains": ["puccamp.br"],
    "state-province": null
  },
  {
    "country": "Brazil",
    "web_pages": ["http://www.pucminas.br/"],
    "name": "Pontif\u00edcia Universidade Cat\u00f3lica de Minas Gerais",
    "alpha_two_code": "BR",
    "domains": ["pucminas.br"],
    "state-province": null
  },
  {
    "country": "Brazil",
    "web_pages": ["http://www.pucpr.br/"],
    "name": "Pontificia Universidade Cat\u00f3lica do Paran\u00e1",
    "alpha_two_code": "BR",
    "domains": ["pucpr.br"],
    "state-province": null
  },
  {
    "country": "Brazil",
    "web_pages": ["http://www.puc-rio.br/"],
    "name": "Pontif\u00edcia Universidade Cat\u00f3lica do Rio de Janeiro",
    "alpha_two_code": "BR",
    "domains": ["puc-rio.br"],
    "state-province": null
  },
  {
    "country": "Brazil",
    "web_pages": ["http://www.pucrs.br/"],
    "name": "Pontif\u00edcia Universidade Cat\u00f3lica do Rio Grande do Sul",
    "alpha_two_code": "BR",
    "domains": ["pucrs.br"],
    "state-province": null
  },
  {
    "country": "Brazil",
    "web_pages": ["http://www.pucsp.br/"],
    "name": "Pontif\u00edcia Universidade Cat\u00f3lica de S\u00e3o Paulo",
    "alpha_two_code": "BR",
    "domains": ["pucsp.br"],
    "state-province": null
  },
  {
    "country": "Brazil",
    "web_pages": ["http://www.saojudas.br/"],
    "name": "Universidade S\u00e3o Judas Tadeu",
    "alpha_two_code": "BR",
    "domains": ["saojudas.br"],
    "state-province": null
  },
  {
    "country": "Brazil",
    "web_pages": ["http://www.smarcos.br/"],
    "name": "Universidade S\u00e3o Marcos",
    "alpha_two_code": "BR",
    "domains": ["smarcos.br"],
    "state-province": null
  },
  {
    "country": "Brazil",
    "web_pages": ["http://www.sp.senac.br/"],
    "name": "Centro Universit\u00e1rio Senac",
    "alpha_two_code": "BR",
    "domains": ["sp.senac.br"],
    "state-province": null
  },
  {
    "country": "Brazil",
    "web_pages": ["http://www.stcecilia.br/"],
    "name": "Universidade Santa Cec\u00edlia dos Bandeirantes",
    "alpha_two_code": "BR",
    "domains": ["stcecilia.br"],
    "state-province": null
  },
  {
    "country": "Brazil",
    "web_pages": ["http://www.technet.com.br/vestibular/"],
    "name": "Universidade Federal de Roraima",
    "alpha_two_code": "BR",
    "domains": ["technet.com.br"],
    "state-province": null
  },
  {
    "country": "Brazil",
    "web_pages": ["http://www.toledo.br/"],
    "name": "Faculdades Integradas Toledo",
    "alpha_two_code": "BR",
    "domains": ["toledo.br"],
    "state-province": null
  },
  {
    "country": "Brazil",
    "web_pages": ["http://www.ucb.br/"],
    "name": "Universidade Cat\u00f3lica de Bras\u00edlia",
    "alpha_two_code": "BR",
    "domains": ["ucb.br"],
    "state-province": null
  },
  {
    "country": "Brazil",
    "web_pages": ["http://www.ucg.br/"],
    "name": "Universidade Cat\u00f3lica de Goi\u00e1s",
    "alpha_two_code": "BR",
    "domains": ["ucg.br"],
    "state-province": null
  },
  {
    "country": "Brazil",
    "web_pages": ["http://www.ucp.br/"],
    "name": "Universidade Cat\u00f3lica de Petr\u00f3polis",
    "alpha_two_code": "BR",
    "domains": ["ucp.br"],
    "state-province": null
  },
  {
    "country": "Brazil",
    "web_pages": ["http://www.ucpel.tche.br/"],
    "name": "Universidade Cat\u00f3lica de Pelotas",
    "alpha_two_code": "BR",
    "domains": ["ucpel.tche.br"],
    "state-province": null
  },
  {
    "country": "Brazil",
    "web_pages": ["http://www.ucsal.br/"],
    "name": "Universidade Cat\u00f3lica de Salvador",
    "alpha_two_code": "BR",
    "domains": ["ucsal.br", "ucsal.edu.br"],
    "state-province": null
  },
  {
    "country": "Brazil",
    "web_pages": ["http://www.ucs.tche.br/"],
    "name": "Universidade de Caxias do Sul",
    "alpha_two_code": "BR",
    "domains": ["ucs.tche.br"],
    "state-province": null
  },
  {
    "country": "Brazil",
    "web_pages": ["http://www.udesc.br/"],
    "name": "Universidade do Estado de Santa Catarina",
    "alpha_two_code": "BR",
    "domains": ["udesc.br"],
    "state-province": null
  },
  {
    "country": "Brazil",
    "web_pages": ["http://www.uece.br/"],
    "name": "Universidade Estadual do Cear\u00e1",
    "alpha_two_code": "BR",
    "domains": ["uece.br"],
    "state-province": null
  },
  {
    "country": "Brazil",
    "web_pages": ["http://www.uefs.br/"],
    "name": "Universidade Estadual de Feira de Santana",
    "alpha_two_code": "BR",
    "domains": ["uefs.br"],
    "state-province": null
  },
  {
    "country": "Brazil",
    "web_pages": ["http://www.uel.br/"],
    "name": "Universidade Estadual de Londrina",
    "alpha_two_code": "BR",
    "domains": ["uel.br"],
    "state-province": null
  },
  {
    "country": "Brazil",
    "web_pages": ["http://www.uema.br/"],
    "name": "Universidade Estadual do Maranh\u00e3o",
    "alpha_two_code": "BR",
    "domains": ["uema.br"],
    "state-province": null
  },
  {
    "country": "Brazil",
    "web_pages": ["http://www.uem.br/"],
    "name": "Universidade Estadual de Maring\u00e1",
    "alpha_two_code": "BR",
    "domains": ["uem.br"],
    "state-province": null
  },
  {
    "country": "Brazil",
    "web_pages": ["http://www.uenf.br/"],
    "name": "Universidade Estadual do Norte Fluminense",
    "alpha_two_code": "BR",
    "domains": ["uenf.br"],
    "state-province": null
  },
  {
    "country": "Brazil",
    "web_pages": ["http://www.uepb.edu.br/"],
    "name": "Universidade Estadual da Para\u00edba",
    "alpha_two_code": "BR",
    "domains": ["uepb.edu.br"],
    "state-province": null
  },
  {
    "country": "Brazil",
    "web_pages": ["http://www.uepg.br/"],
    "name": "Universidade Estadual de Ponta Grossa",
    "alpha_two_code": "BR",
    "domains": ["uepg.br"],
    "state-province": null
  },
  {
    "country": "Brazil",
    "web_pages": ["http://www.uerj.br/"],
    "name": "Universidade do Estado do Rio de Janeiro",
    "alpha_two_code": "BR",
    "domains": ["uerj.br"],
    "state-province": null
  },
  {
    "country": "Brazil",
    "web_pages": ["http://www.uern.br/"],
    "name": "Universidade do Estado do Rio Grande do Norte",
    "alpha_two_code": "BR",
    "domains": ["uern.br"],
    "state-province": null
  },
  {
    "country": "Brazil",
    "web_pages": ["http://www.uesb.br/"],
    "name": "Universidade Estadual Sudoeste da Bahia",
    "alpha_two_code": "BR",
    "domains": ["uesb.br"],
    "state-province": null
  },
  {
    "country": "Brazil",
    "web_pages": ["http://www.uesc.br/"],
    "name": "Universidade Estadual de Santa Cruz",
    "alpha_two_code": "BR",
    "domains": ["uesc.br"],
    "state-province": null
  },
  {
    "country": "Brazil",
    "web_pages": ["http://www.uespi.br/"],
    "name": "Universidade Estadual do Piau\u00ed",
    "alpha_two_code": "BR",
    "domains": ["uespi.br"],
    "state-province": null
  },
  {
    "country": "Brazil",
    "web_pages": ["http://www.ufabc.edu.br/"],
    "name": "Universidade Federal do ABC",
    "alpha_two_code": "BR",
    "domains": ["ufabc.edu.br"],
    "state-province": null
  },
  {
    "country": "Brazil",
    "web_pages": ["http://www.ufac.br/"],
    "name": "Universidade Federal do Acre",
    "alpha_two_code": "BR",
    "domains": ["ufac.br"],
    "state-province": null
  },
  {
    "country": "Brazil",
    "web_pages": ["http://www.ufal.br/"],
    "name": "Universidade Federal de Alagoas",
    "alpha_two_code": "BR",
    "domains": ["ufal.br"],
    "state-province": null
  },
  {
    "country": "Brazil",
    "web_pages": ["http://www.ufba.br/"],
    "name": "Universidade Federal da Bahia",
    "alpha_two_code": "BR",
    "domains": ["ufba.br"],
    "state-province": null
  },
  {
    "country": "Brazil",
    "web_pages": ["http://www.ufc.br/"],
    "name": "Universidade Federal do Cear\u00e1",
    "alpha_two_code": "BR",
    "domains": ["ufc.br"],
    "state-province": null
  },
  {
    "country": "Brazil",
    "web_pages": ["http://www.ufcg.edu.br/"],
    "name": "Universidade Federal de Campina Grande",
    "alpha_two_code": "BR",
    "domains": ["ufcg.edu.br"],
    "state-province": null
  },
  {
    "country": "Brazil",
    "web_pages": ["http://www.ufes.br/"],
    "name": "Universidade Federal do Esp\u00edrito Santo",
    "alpha_two_code": "BR",
    "domains": ["ufes.br"],
    "state-province": null
  },
  {
    "country": "Brazil",
    "web_pages": ["http://www.uff.br/"],
    "name": "Universidade Federal Fluminense",
    "alpha_two_code": "BR",
    "domains": ["uff.br"],
    "state-province": null
  },
  {
    "country": "Brazil",
    "web_pages": ["http://www.ufg.br/"],
    "name": "Universidade Federal de Goi\u00e1s",
    "alpha_two_code": "BR",
    "domains": ["ufg.br"],
    "state-province": null
  },
  {
    "country": "Brazil",
    "web_pages": ["http://www.ufgd.edu.br/"],
    "name": "Universidade Federal da Grande Dourados",
    "alpha_two_code": "BR",
    "domains": ["ufgd.edu.br"],
    "state-province": null
  },
  {
    "country": "Brazil",
    "web_pages": ["http://www.ufjf.br/"],
    "name": "Universidade Federal de Juiz de Fora",
    "alpha_two_code": "BR",
    "domains": ["ufjf.br"],
    "state-province": null
  },
  {
    "country": "Brazil",
    "web_pages": ["http://www.ufla.br/"],
    "name": "Universidade Federal de Lavras",
    "alpha_two_code": "BR",
    "domains": ["ufla.br"],
    "state-province": null
  },
  {
    "country": "Brazil",
    "web_pages": ["http://www.ufma.br/"],
    "name": "Universidade Federal do Maranh\u00e3o",
    "alpha_two_code": "BR",
    "domains": ["ufma.br"],
    "state-province": null
  },
  {
    "country": "Brazil",
    "web_pages": ["http://www.ufmg.br/"],
    "name": "Universidade Federal de Minas Gerais",
    "alpha_two_code": "BR",
    "domains": ["ufmg.br", "dcc.ufmg.br"],
    "state-province": null
  },
  {
    "country": "Brazil",
    "web_pages": ["http://www.ufvjm.edu.br"],
    "name": "Universidade Federal dos Vales do Jequitinhonha e Mucuri",
    "alpha_two_code": "BR",
    "domains": ["ufvjm.edu.br"],
    "state-province": null
  },
  {
    "country": "Brazil",
    "web_pages": ["https://unifei.edu.br/"],
    "name": "Universidade Federal de Itajub\u00e1",
    "alpha_two_code": "BR",
    "domains": ["unifei.edu.br"],
    "state-province": null
  },
  {
    "country": "Brazil",
    "web_pages": ["https://www.ufsj.edu.br/"],
    "name": "Universidade Federal de S\u00e3o Jo\u00e3o del-Rei",
    "alpha_two_code": "BR",
    "domains": ["ufsj.edu.br"],
    "state-province": null
  },
  {
    "country": "Brazil",
    "web_pages": ["http://www.uftm.edu.br/"],
    "name": "Universidade Federal do Tri\u00e2ngulo Mineiro",
    "alpha_two_code": "BR",
    "domains": ["uftm.edu.br"],
    "state-province": null
  },
  {
    "country": "Brazil",
    "web_pages": ["http://www.ufms.br/"],
    "name": "Universidade Federal de Mato Grosso do Sul",
    "alpha_two_code": "BR",
    "domains": ["ufms.br"],
    "state-province": null
  },
  {
    "country": "Brazil",
    "web_pages": ["http://www.ufmt.br/"],
    "name": "Universidade Federal de Mato Grosso",
    "alpha_two_code": "BR",
    "domains": ["ufmt.br"],
    "state-province": null
  },
  {
    "country": "Brazil",
    "web_pages": ["http://www.ufop.br/"],
    "name": "Universidade Federal de Ouro Preto",
    "alpha_two_code": "BR",
    "domains": ["ufop.br"],
    "state-province": null
  },
  {
    "country": "Brazil",
    "web_pages": ["http://www.ufpa.br/"],
    "name": "Universidade Federal do Par\u00e1",
    "alpha_two_code": "BR",
    "domains": ["ufpa.br"],
    "state-province": null
  },
  {
    "country": "Brazil",
    "web_pages": ["http://www.ufpb.br/"],
    "name": "Universidade Federal da Para\u00edba",
    "alpha_two_code": "BR",
    "domains": ["ufpb.br"],
    "state-province": null
  },
  {
    "country": "Brazil",
    "web_pages": ["http://www.ufpe.br/"],
    "name": "Universidade Federal de Pernambuco",
    "alpha_two_code": "BR",
    "domains": ["ufpe.br"],
    "state-province": null
  },
  {
    "country": "Brazil",
    "web_pages": ["http://www.ufpel.tche.br/"],
    "name": "Universidade Federal de Pelotas",
    "alpha_two_code": "BR",
    "domains": ["ufpel.tche.br"],
    "state-province": null
  },
  {
    "country": "Brazil",
    "web_pages": ["http://www.ufpi.br/"],
    "name": "Universidade Federal do Piau\u00ed",
    "alpha_two_code": "BR",
    "domains": ["ufpi.br"],
    "state-province": null
  },
  {
    "country": "Brazil",
    "web_pages": ["http://www.ufpr.br/"],
    "name": "Universidade Federal do Paran\u00e1",
    "alpha_two_code": "BR",
    "domains": ["ufpr.br"],
    "state-province": null
  },
  {
    "country": "Brazil",
    "web_pages": ["http://www.ufrgs.br/"],
    "name": "Universidade Federal do Rio Grande do Sul",
    "alpha_two_code": "BR",
    "domains": ["ufrgs.br"],
    "state-province": null
  },
  {
    "country": "Brazil",
    "web_pages": ["http://www.ufrj.br/"],
    "name": "Universidade Federal do Rio de Janeiro",
    "alpha_two_code": "BR",
    "domains": ["ufrj.br"],
    "state-province": null
  },
  {
    "country": "Brazil",
    "web_pages": ["http://www.ufrn.br/"],
    "name": "Universidade Federal do Rio Grande do Norte",
    "alpha_two_code": "BR",
    "domains": ["ufrn.br"],
    "state-province": null
  },
  {
    "country": "Brazil",
    "web_pages": ["http://www.ufrpe.br/"],
    "name": "Universidade Federal Rural de Pernambuco",
    "alpha_two_code": "BR",
    "domains": ["ufrpe.br"],
    "state-province": null
  },
  {
    "country": "Brazil",
    "web_pages": ["http://www.ufrrj.br/"],
    "name": "Universidade Federal Rural do Rio de Janeiro",
    "alpha_two_code": "BR",
    "domains": ["ufrrj.br"],
    "state-province": null
  },
  {
    "country": "Brazil",
    "web_pages": ["http://www.ufs.br/"],
    "name": "Universidade Federal de Sergipe",
    "alpha_two_code": "BR",
    "domains": ["ufs.br"],
    "state-province": null
  },
  {
    "country": "Brazil",
    "web_pages": ["http://www.ufscar.br/"],
    "name": "Universidade Federal de S\u00e3o Carlos",
    "alpha_two_code": "BR",
    "domains": ["ufscar.br"],
    "state-province": null
  },
  {
    "country": "Brazil",
    "web_pages": ["http://www.ufsc.br/"],
    "name": "Universidade Federal de Santa Catarina",
    "alpha_two_code": "BR",
    "domains": ["ufsc.br"],
    "state-province": null
  },
  {
    "country": "Brazil",
    "web_pages": ["http://www.ufsm.br/"],
    "name": "Universidade Federal de Santa Maria",
    "alpha_two_code": "BR",
    "domains": ["ufsm.br"],
    "state-province": null
  },
  {
    "country": "Brazil",
    "web_pages": ["http://www.ufu.br/"],
    "name": "Universidade Federal de Uberl\u00e2ndia",
    "alpha_two_code": "BR",
    "domains": ["ufu.br"],
    "state-province": null
  },
  {
    "country": "Brazil",
    "web_pages": ["http://www.ufv.br/"],
    "name": "Universidade Federal de Vi\u00e7osa",
    "alpha_two_code": "BR",
    "domains": ["ufv.br"],
    "state-province": null
  },
  {
    "country": "Brazil",
    "web_pages": ["http://www.ugf.br/"],
    "name": "Universidade Gama Filho",
    "alpha_two_code": "BR",
    "domains": ["ugf.br"],
    "state-province": null
  },
  {
    "country": "Brazil",
    "web_pages": ["http://www.ulbra.br/"],
    "name": "Universidade Luterana do Brasil",
    "alpha_two_code": "BR",
    "domains": ["ulbra.br"],
    "state-province": null
  },
  {
    "country": "Brazil",
    "web_pages": ["http://www.umc.br/"],
    "name": "Universidade de Mogi das Cruzes",
    "alpha_two_code": "BR",
    "domains": ["umc.br"],
    "state-province": null
  },
  {
    "country": "Brazil",
    "web_pages": ["http://www.unaerp.br/"],
    "name": "Universidade de Ribeir\u00e3o Preto",
    "alpha_two_code": "BR",
    "domains": ["unaerp.br"],
    "state-province": null
  },
  {
    "country": "Brazil",
    "web_pages": ["http://www.unama.br/"],
    "name": "Universidade da Amaz\u00f4nia",
    "alpha_two_code": "BR",
    "domains": ["unama.br"],
    "state-province": null
  },
  {
    "country": "Brazil",
    "web_pages": ["http://www.unb.br/"],
    "name": "Universidade de Bras\u00edlia",
    "alpha_two_code": "BR",
    "domains": ["unb.br"],
    "state-province": null
  },
  {
    "country": "Brazil",
    "web_pages": ["http://www.uneb.br/"],
    "name": "Universidade do Estado da Bahia",
    "alpha_two_code": "BR",
    "domains": ["uneb.br"],
    "state-province": null
  },
  {
    "country": "Brazil",
    "web_pages": ["http://www.unesc.rct-sc.br/"],
    "name": "Universidade do Extremo Sul Catarinense",
    "alpha_two_code": "BR",
    "domains": ["unesc.rct-sc.br"],
    "state-province": null
  },
  {
    "country": "Brazil",
    "web_pages": ["http://www.unesp.br/"],
    "name": "Universidade Estadual Paulista",
    "alpha_two_code": "BR",
    "domains": ["unesp.br"],
    "state-province": null
  },
  {
    "country": "Brazil",
    "web_pages": ["http://www.ung.br/"],
    "name": "Universidade de Guarulhos",
    "alpha_two_code": "BR",
    "domains": ["ung.br"],
    "state-province": null
  },
  {
    "country": "Brazil",
    "web_pages": ["http://www.uniara.com.br/"],
    "name": "Centro Universit\u00e1rio de Araraquara",
    "alpha_two_code": "BR",
    "domains": ["uniara.edu.br", "uniara.com.br"],
    "state-province": null
  },
  {
    "country": "Brazil",
    "web_pages": ["http://www.uniban.br/"],
    "name": "Universidade Bandeirante de S\u00e3o Paulo",
    "alpha_two_code": "BR",
    "domains": ["uniban.br"],
    "state-province": null
  },
  {
    "country": "Brazil",
    "web_pages": ["http://www.unib.br/"],
    "name": "Universidade Ibirapuera",
    "alpha_two_code": "BR",
    "domains": ["unib.br"],
    "state-province": null
  },
  {
    "country": "Brazil",
    "web_pages": ["http://www.unibosco.br/"],
    "name": "Universidade Cat\u00f3lica Dom Bosco",
    "alpha_two_code": "BR",
    "domains": ["unibosco.br"],
    "state-province": null
  },
  {
    "country": "Brazil",
    "web_pages": ["http://www.unibrasil.com.br/"],
    "name": "Faculdades Integradas do Brasil - UNIBRASIL",
    "alpha_two_code": "BR",
    "domains": ["unibrasil.com.br"],
    "state-province": null
  },
  {
    "country": "Brazil",
    "web_pages": ["http://www.unicamp.br/"],
    "name": "Universidade Estadual de Campinas",
    "alpha_two_code": "BR",
    "domains": ["unicamp.br"],
    "state-province": null
  },
  {
    "country": "Brazil",
    "web_pages": ["http://www.unicap.br/"],
    "name": "Universidade Cat\u00f3lica de Pernambuco",
    "alpha_two_code": "BR",
    "domains": ["unicap.br"],
    "state-province": null
  },
  {
    "country": "Brazil",
    "web_pages": ["http://www.unicastelo.br/"],
    "name": "Universidade Camilo Castelo Branco",
    "alpha_two_code": "BR",
    "domains": ["unicastelo.br"],
    "state-province": null
  },
  {
    "country": "Brazil",
    "web_pages": ["http://www.unicid.br/"],
    "name": "Universidade Cidade de S\u00e3o Paulo",
    "alpha_two_code": "BR",
    "domains": ["unicid.br"],
    "state-province": null
  },
  {
    "country": "Brazil",
    "web_pages": ["http://www.unicruz.tche.br/"],
    "name": "Universidade de Cruz Alta",
    "alpha_two_code": "BR",
    "domains": ["unicruz.tche.br"],
    "state-province": null
  },
  {
    "country": "Brazil",
    "web_pages": ["http://www.unicsul.br/"],
    "name": "Universidade Cruzeiro do Sul",
    "alpha_two_code": "BR",
    "domains": ["unicsul.br"],
    "state-province": null
  },
  {
    "country": "Brazil",
    "web_pages": ["http://www.unidavi.rct-sc.br/"],
    "name": "Universidade para o Desenvolvimento do Alto Vale do Itaja\u00ed",
    "alpha_two_code": "BR",
    "domains": ["unidavi.rct-sc.br"],
    "state-province": null
  },
  {
    "country": "Brazil",
    "web_pages": ["http://www.unifacs.br/"],
    "name": "Universidade Salvador",
    "alpha_two_code": "BR",
    "domains": ["unifacs.br"],
    "state-province": null
  },
  {
    "country": "Brazil",
    "web_pages": ["http://www.unifap.br/"],
    "name": "Universidade Federal do Amap\u00e1",
    "alpha_two_code": "BR",
    "domains": ["unifap.br"],
    "state-province": null
  },
  {
    "country": "Brazil",
    "web_pages": ["http://www.unifenas.br/"],
    "name": "Universidade de Alfenas",
    "alpha_two_code": "BR",
    "domains": ["unifenas.br"],
    "state-province": null
  },
  {
    "country": "Brazil",
    "web_pages": ["http://www.unifeso.edu.br/"],
    "name": "Centro Universit\u00e1rio Serra dos \u00d3rg\u00e3os",
    "alpha_two_code": "BR",
    "domains": ["unifeso.edu.br"],
    "state-province": null
  },
  {
    "country": "Brazil",
    "web_pages": ["http://www.unifor.br/"],
    "name": "Universidade de Fortaleza",
    "alpha_two_code": "BR",
    "domains": ["unifor.br"],
    "state-province": null
  },
  {
    "country": "Brazil",
    "web_pages": ["http://www.unifran.br/"],
    "name": "Universidade de Franca",
    "alpha_two_code": "BR",
    "domains": ["unifran.br"],
    "state-province": null
  },
  {
    "country": "Brazil",
    "web_pages": ["http://www.unig.br/"],
    "name": "Universidade de Nova Igua\u00e7u",
    "alpha_two_code": "BR",
    "domains": ["unig.br"],
    "state-province": null
  },
  {
    "country": "Brazil",
    "web_pages": ["http://www.unigranrio.br/"],
    "name": "Universidade do Grande Rio",
    "alpha_two_code": "BR",
    "domains": ["unigranrio.br"],
    "state-province": null
  },
  {
    "country": "Brazil",
    "web_pages": ["http://www.unijui.tche.br/"],
    "name": "Universidade Regional do Noroeste do Estado do Rio Grande do Sul",
    "alpha_two_code": "BR",
    "domains": ["unijui.tche.br"],
    "state-province": null
  },
  {
    "country": "Brazil",
    "web_pages": ["http://www.unimar.br/"],
    "name": "Universidade de Mar\u00edlia",
    "alpha_two_code": "BR",
    "domains": ["unimar.br"],
    "state-province": null
  },
  {
    "country": "Brazil",
    "web_pages": ["http://www.unimep.br/"],
    "name": "Universidade Metodista de Piracicaba",
    "alpha_two_code": "BR",
    "domains": ["unimep.br"],
    "state-province": null
  },
  {
    "country": "Brazil",
    "web_pages": ["http://www.unimes.com.br/"],
    "name": "Universidade Metropolitana de Santos",
    "alpha_two_code": "BR",
    "domains": ["unimes.com.br"],
    "state-province": null
  },
  {
    "country": "Brazil",
    "web_pages": ["http://www.unimonte.br/"],
    "name": "Centro Universit\u00e1rio Monte Serrat",
    "alpha_two_code": "BR",
    "domains": ["unimonte.br"],
    "state-province": null
  },
  {
    "country": "Brazil",
    "web_pages": ["http://www.unimontes.br/"],
    "name": "Universidade Estadual de Montes Claros",
    "alpha_two_code": "BR",
    "domains": ["unimontes.br"],
    "state-province": null
  },
  {
    "country": "Brazil",
    "web_pages": ["http://www.unioeste.br/"],
    "name": "Universidade Estadual do Oeste do Paran\u00e1",
    "alpha_two_code": "BR",
    "domains": ["unioeste.br"],
    "state-province": null
  },
  {
    "country": "Brazil",
    "web_pages": ["http://www.unipe.br/"],
    "name": "Centro Universit\u00e1rio de Jo\u00e3o Pessoa",
    "alpha_two_code": "BR",
    "domains": ["unipe.br"],
    "state-province": null
  },
  {
    "country": "Brazil",
    "web_pages": ["http://www.unipli.com.br/"],
    "name": "Centro Universit\u00e1rio Plinio Leite",
    "alpha_two_code": "BR",
    "domains": ["unipli.com.br"],
    "state-province": null
  },
  {
    "country": "Brazil",
    "web_pages": ["http://www.unip-objetivo.br/"],
    "name": "Universidade Paulista",
    "alpha_two_code": "BR",
    "domains": ["unip-objetivo.br"],
    "state-province": null
  },
  {
    "country": "Brazil",
    "web_pages": ["http://www.unir.br/"],
    "name": "Universidade Federal de Rond\u00f4nia",
    "alpha_two_code": "BR",
    "domains": ["unir.br"],
    "state-province": null
  },
  {
    "country": "Brazil",
    "web_pages": ["http://www.unirio.br/"],
    "name": "Universidade do Rio de Janeiro",
    "alpha_two_code": "BR",
    "domains": ["unirio.br"],
    "state-province": null
  },
  {
    "country": "Brazil",
    "web_pages": ["http://www.unisa.br/"],
    "name": "Universidade de Santo Amaro",
    "alpha_two_code": "BR",
    "domains": ["unisa.br"],
    "state-province": null
  },
  {
    "country": "Brazil",
    "web_pages": ["http://www.unisantos.com.br/"],
    "name": "Universidade Cat\u00f3lica de Santos",
    "alpha_two_code": "BR",
    "domains": ["unisantos.com.br"],
    "state-province": null
  },
  {
    "country": "Brazil",
    "web_pages": ["http://www.unisc.br/"],
    "name": "Universidade de Santa Cruz do Sul",
    "alpha_two_code": "BR",
    "domains": ["unisc.br"],
    "state-province": null
  },
  {
    "country": "Brazil",
    "web_pages": ["http://www.unisinos.br/"],
    "name": "Universidade Vale do Rio dos Sinos",
    "alpha_two_code": "BR",
    "domains": ["unisinos.br"],
    "state-province": null
  },
  {
    "country": "Brazil",
    "web_pages": ["http://www.unisul.br/"],
    "name": "Universidade do Sul de Santa Catarina",
    "alpha_two_code": "BR",
    "domains": ["unisul.br"],
    "state-province": null
  },
  {
    "country": "Brazil",
    "web_pages": ["http://www.unitau.br/"],
    "name": "Universidade de Taubat\u00e9",
    "alpha_two_code": "BR",
    "domains": ["unitau.br"],
    "state-province": null
  },
  {
    "country": "Brazil",
    "web_pages": ["http://www.unit.br/"],
    "name": "Universidade Tiradentes",
    "alpha_two_code": "BR",
    "domains": ["unit.br"],
    "state-province": null
  },
  {
    "country": "Brazil",
    "web_pages": ["http://www.uniube.br/"],
    "name": "Universidade de Uberaba",
    "alpha_two_code": "BR",
    "domains": ["uniube.br"],
    "state-province": null
  },
  {
    "country": "Brazil",
    "web_pages": ["http://www.univale.br/"],
    "name": "Universidade Vale do Rio Doce",
    "alpha_two_code": "BR",
    "domains": ["univale.br"],
    "state-province": null
  },
  {
    "country": "Brazil",
    "web_pages": ["http://www.univali.rct-sc.br/"],
    "name": "Universidade do Vale do Itaja\u00ed",
    "alpha_two_code": "BR",
    "domains": ["univali.rct-sc.br"],
    "state-province": null
  },
  {
    "country": "Brazil",
    "web_pages": ["http://www.univap.br/"],
    "name": "Universidade Vale do Paraiba",
    "alpha_two_code": "BR",
    "domains": ["univap.br"],
    "state-province": null
  },
  {
    "country": "Brazil",
    "web_pages": ["http://www.univasf.edu.br/"],
    "name": "Universidade Federal do Vale do S\u00e3o Francisco",
    "alpha_two_code": "BR",
    "domains": ["univasf.edu.br"],
    "state-province": null
  },
  {
    "country": "Brazil",
    "web_pages": ["http://www.universo.br/"],
    "name": "Universidade Salgado de Oliveira",
    "alpha_two_code": "BR",
    "domains": ["universo.br"],
    "state-province": null
  },
  {
    "country": "Brazil",
    "web_pages": ["http://www.unoesc.edu.br/"],
    "name": "Universidade do Oeste de Santa Catarina",
    "alpha_two_code": "BR",
    "domains": ["unoesc.edu.br"],
    "state-province": null
  },
  {
    "country": "Brazil",
    "web_pages": ["http://www.unoeste.br/"],
    "name": "Universidade do Oeste Paulista",
    "alpha_two_code": "BR",
    "domains": ["unoeste.br"],
    "state-province": null
  },
  {
    "country": "Brazil",
    "web_pages": ["http://www.unp.br/"],
    "name": "Universidade Potiguar",
    "alpha_two_code": "BR",
    "domains": ["unp.br"],
    "state-province": null
  },
  {
    "country": "Brazil",
    "web_pages": ["http://www.upe.br/"],
    "name": "Universidade de Pernambuco",
    "alpha_two_code": "BR",
    "domains": ["upe.br"],
    "state-province": null
  },
  {
    "country": "Brazil",
    "web_pages": ["http://www.upf.tche.br/"],
    "name": "Universidade de Passo Fundo",
    "alpha_two_code": "BR",
    "domains": ["upf.tche.br"],
    "state-province": null
  },
  {
    "country": "Brazil",
    "web_pages": ["http://www.upis.br/"],
    "name": "Faculdades Integradas UPIS",
    "alpha_two_code": "BR",
    "domains": ["upis.br"],
    "state-province": null
  },
  {
    "country": "Brazil",
    "web_pages": ["http://www.urca.br/"],
    "name": "Universidade Regional do Cariri",
    "alpha_two_code": "BR",
    "domains": ["urca.br"],
    "state-province": null
  },
  {
    "country": "Brazil",
    "web_pages": ["http://www.urcamp.tche.br/"],
    "name": "Universidade da Regi\u00e3o da Campanha",
    "alpha_two_code": "BR",
    "domains": ["urcamp.tche.br"],
    "state-province": null
  },
  {
    "country": "Brazil",
    "web_pages": ["http://www.uri.br/"],
    "name": "Universidade Regional Integrada do Alto Uruguai e das Miss\u00f5es",
    "alpha_two_code": "BR",
    "domains": ["uri.br"],
    "state-province": null
  },
  {
    "country": "Brazil",
    "web_pages": ["http://www.usc.br/"],
    "name": "Universidade do Sagrado Cora\u00e7\u00e3o",
    "alpha_two_code": "BR",
    "domains": ["usc.br"],
    "state-province": null
  },
  {
    "country": "Brazil",
    "web_pages": ["http://www.usf.br/"],
    "name": "Universidade S\u00e3o Francisco",
    "alpha_two_code": "BR",
    "domains": ["usf.br"],
    "state-province": null
  },
  {
    "country": "Brazil",
    "web_pages": ["http://www.usp.br/"],
    "name": "Universidade de S\u00e3o Paulo",
    "alpha_two_code": "BR",
    "domains": ["usp.br"],
    "state-province": null
  },
  {
    "country": "Brazil",
    "web_pages": ["http://www.usu.br/"],
    "name": "Universidade Santa \u00darsula",
    "alpha_two_code": "BR",
    "domains": ["usu.br"],
    "state-province": null
  },
  {
    "country": "Brazil",
    "web_pages": ["http://www.uva.br/"],
    "name": "Universidade Veiga de Almeida",
    "alpha_two_code": "BR",
    "domains": ["uva.br"],
    "state-province": null
  },
  {
    "country": "Brazil",
    "web_pages": ["http://www.uvanet.br/"],
    "name": "Universidade Estadual do Vale do Acara\u00fa",
    "alpha_two_code": "BR",
    "domains": ["uvanet.br"],
    "state-province": null
  },
  {
    "country": "Brazil",
    "web_pages": ["http://web.prover.com.br/fui/"],
    "name": "Universidade de Ita\u00fana",
    "alpha_two_code": "BR",
    "domains": ["web.prover.com.br"],
    "state-province": null
  },
  {
    "country": "Brazil",
    "web_pages": ["https://www.utfpr.edu.br/"],
    "name": "Universidade Tecnol\u00f3gica Federal do Paran\u00e1",
    "alpha_two_code": "BR",
    "domains": ["utfpr.edu.br"],
    "state-province": null
  },
  {
    "country": "Brazil",
    "web_pages": [
      "https://www.infnet.edu.br/infnet/",
      "https://ecdd.infnet.edu.br/",
      "https://www.infnet.edu.br/esti/",
      "https://negocios.infnet.edu.br/",
      "https://bootcamp.infnet.edu.br/",
      "https://training.infnet.edu.br/"
    ],
    "name": "Instituto Infnet",
    "alpha_two_code": "BR",
    "domains": ["infnet.edu.br", "al.infnet.edu.br", "prof.infnet.edu.br"],
    "state-province": "Rio de Janeiro"
  },
  {
    "country": "Brazil",
    "web_pages": [
      "https://unifatecie.edu.br/",
      "https://ead.unifatecie.edu.br/",
      "https://fatecie.edu.br/"
    ],
    "name": "Centro Universit\u00e1rio UniFatecie",
    "alpha_two_code": "BR",
    "domains": ["fatecie.edu.br"],
    "state-province": null
  },
  {
    "country": "Brazil",
    "web_pages": ["https://www.ufn.edu.br/"],
    "name": "Universidade Franciscana",
    "alpha_two_code": "BR",
    "domains": ["ufn.edu.br"],
    "state-province": null
  },
  {
    "country": "Brazil",
    "web_pages": ["https://faculdadedombosco.edu.br"],
    "name": "Faculdade Dom Bosco",
    "alpha_two_code": "BR",
    "domains": ["faculdadedombosco.edu.br"],
    "state-province": null
  },
  {
    "country": "Brazil",
    "web_pages": ["https://uninove.br"],
    "name": "UNINOVE",
    "alpha_two_code": "BR",
    "domains": ["uninove.br", "uni9.edu.br"],
    "state-province": null
  },
  {
    "country": "Brazil",
    "web_pages": ["https://upe.poli.br"],
    "name": "Polytechnic University of Pernambuco",
    "alpha_two_code": "BR",
    "domains": ["upe.poli.br", "ecomp.poli.br", "poli.br"],
    "state-province": null
  },
  {
    "country": "Brazil",
    "web_pages": ["https://cruzeirodosul.edu.br"],
    "name": "Cruzeiro do Sul University",
    "alpha_two_code": "BR",
    "domains": ["aluno.cruzeirodosul.edu.br"],
    "state-province": null
  },
  {
    "country": "Brazil",
    "web_pages": ["https://ifsp.edu.br"],
    "name": "Federal Institute of Education",
    "alpha_two_code": "BR",
    "domains": ["aluno.ifsp.edu.br"],
    "state-province": null
  },
  {
    "country": "Brazil",
    "web_pages": ["https://univesp.br/"],
    "name": "Universidade Virtual do Estado de S\u00e3o Paulo",
    "alpha_two_code": "BR",
    "domains": ["univesp.br"],
    "state-province": null
  },
  {
    "country": "Brazil",
    "web_pages": ["https://uenp.edu.br/"],
    "name": "Universidade Estadual do Norte do Parana",
    "alpha_two_code": "BR",
    "domains": ["uenp.edu.br"],
    "state-province": null
  },
  {
    "country": "Brazil",
    "web_pages": ["https://www.inteli.edu.br/"],
    "name": "Inteli",
    "alpha_two_code": "BR",
    "domains": ["inteli.edu.br"],
    "state-province": null
  },
  {
    "country": "Brazil",
    "web_pages": ["https://www.univap.br/univap/"],
    "name": "Universidade do Vale do Para\u00edba \u2013 Univap",
    "alpha_two_code": "BR",
    "domains": ["univap.br"],
    "state-province": "S\u00e3o Jos\u00e9 dos Campos"
  },
  {
    "country": "Brazil",
    "web_pages": ["https://portal.anhembi.br/"],
    "name": "Universidade Anhembi Morumbi - UAM",
    "alpha_two_code": "BR",
    "domains": ["anhembi.br"],
    "state-province": "S\u00e3o Paulo"
  },
  {
    "country": "Brazil",
    "web_pages": ["https://www.inpg.edu.br/"],
    "name": "Faculdade Do Instituto Nacional De P\u00f3s-Gradua\u00e7\u00e3o - Faculdade INPG",
    "alpha_two_code": "BR",
    "domains": ["inpg.edu.br"],
    "state-province": "S\u00e3o Paulo"
  },
  {
    "country": "Brazil",
    "web_pages": ["https://unigoias.com.br/"],
    "name": "Centro Universit\u00e1rio De Goi\u00e1s - UNIGOI\u00c1S",
    "alpha_two_code": "BR",
    "domains": ["unigoias.com.br"],
    "state-province": "Goi\u00e2nia"
  },
  {
    "country": "Brazil",
    "web_pages": ["https://www.fecap.br/"],
    "name": "Centro Universit\u00e1rio \u00c1lvares Penteado - FECAP",
    "alpha_two_code": "BR",
    "domains": ["fecap.br"],
    "state-province": "S\u00e3o Paulo"
  },
  {
    "country": "Brazil",
    "web_pages": ["https://facens.br/"],
    "name": "Centro Universit\u00e1rio Facens - UniFACENS",
    "alpha_two_code": "BR",
    "domains": ["facens.br"],
    "state-province": "S\u00e3o Paulo"
  },
  {
    "country": "Brazil",
    "web_pages": ["https://toledoprudente.edu.br/"],
    "name": "Centro Universit\u00e1rio Ant\u00f4nio Eufr\u00e1sio de Toledo de Presidente Prudente - TOLEDO PRUDENTE",
    "alpha_two_code": "BR",
    "domains": ["toledoprudente.edu.br"],
    "state-province": "Presidente Prudente"
  },
  {
    "country": "Brazil",
    "web_pages": ["https://www.impacta.edu.br/"],
    "name": "Faculdade Impacta - IMPACTA",
    "alpha_two_code": "BR",
    "domains": ["impacta.edu.br"],
    "state-province": "S\u00e3o Paulo"
  },
  {
    "country": "Brazil",
    "web_pages": ["https://www.inteli.edu.br/"],
    "name": "Instituto de Tecnologia e Lideran\u00e7a - Inteli",
    "alpha_two_code": "BR",
    "domains": ["inteli.edu.br"],
    "state-province": "S\u00e3o Paulo"
  }
]
